site,logo,score,status
http_tunes,c_480,87,yes
http_light2016,c_480,79,yes
http_lmhsrv8,c_480,75,yes
http_neuromorph,ci_480,61,yes
http_continuing-education,mi_480,60,yes
http_satrocks,c_480,60,yes
http_acide,c_480,59,yes
http_coaching,c_480,59,yes
http_riskeval,c_480,56,yes
http_dars2010,c_480,55,yes
http_hct16,c_480,55,yes
http_cryoem2017,ci_480,54,yes
http_eg-ice2018,c_480,53,yes
http_sccer-furies,c_480,53,yes
http_fes,c_480,52,yes
http_photochemistry,c_480,51,yes
http_cecampc10,c_480,50,yes
http_infoscience,c_480,50,yes
http_terreunsat,c_480,50,yes
http_infosciences,c_480,49,yes
http_moodle,m_480,49,yes
http_solid,mi_480,49,yes
http_gspcsrv1,c_480,46,yes
http_riskeval-demo,c_480,46,yes
http_riskeval-unileoben,c_480,46,yes
http_hydroweb,c_480,45,yes
http_icmovpe2014,c_480,45,yes
http_interactive,ci_480,45,yes
http_pegasus,m_480,45,yes
http_slimstools,c_480,45,yes
http_nevanlinna,ci_480,44,yes
http_sailingteam,c_480,44,yes
http_slimstools-test,c_480,44,yes
http_cib,ci_480,43,yes
http_cibsrv4,ci_480,43,yes
http_forum,mi_480,43,yes
http_igf,c_480,43,yes
http_iproduct,c_480,43,yes
http_lcptsrv2,c_480,43,yes
http_lss2011,c_480,43,yes
http_paccmit,c_480,43,yes
http_bernoulli,ci_480,42,yes
http_isrec2011,c_480,42,yes
http_hci,c_480,41,yes
http_seg2018,ci_480,41,yes
http_edadk,c_480,40,yes
http_cdmit,c_480,39,yes
http_dev-winad,c_480,39,yes
http_dev-windows,c_480,39,yes
http_emba,c_480,39,yes
http_kissrv101,c_480,39,yes
http_kissrv102,c_480,39,yes
http_kissrv92,c_480,39,yes
http_m,c_480,39,yes
http_m2-test,c_480,39,yes
http_prod-m,c_480,39,yes
http_test-m,c_480,39,yes
http_studinfo,c_480,38,yes
http_a3-vaud-valais,c_480,37,yes
http_dev-studinfo,c_480,37,yes
http_enacnasstat,c_480,37,yes
http_fpga4u,c_480,37,yes
http_gaspar,c_480,37,yes
http_map,c_480,37,yes
http_my,c_480,37,yes
http_payonline,c_480,37,yes
http_pinchtxt,c_480,37,yes
http_plan,c_480,37,yes
http_planv4-demo,c_480,37,yes
http_qi,c_480,37,yes
http_reservations,c_480,37,yes
http_scistifmsrv1,c_480,37,yes
http_test-prestations,c_480,37,yes
http_test-reservations,c_480,37,yes
http_ticketshop,c_480,37,yes
http_gaspar05,c_480,36,yes
http_lappc4,c_480,36,yes
http_lfv,c_480,36,yes
http_planv4,c_480,36,yes
http_prestations,m_480,36,yes
http_progmaph,c_480,36,yes
http_shop,c_480,36,yes
http_spars2013,c_480,36,yes
http_test-payonline,c_480,36,yes
http_ada,m_480,35,yes
http_asap,c_480,35,yes
http_learning-from-vernacular,c_480,35,yes
http_shop-test,m_480,35,yes
http_swisspalm,m_480,35,yes
http_test-moodle,c_480,35,yes
http_amtss,ci_480,34,yes
http_bovislist,c_480,34,yes
http_flygut,c_480,34,yes
http_gges,c_480,34,yes
http_julide,c_480,34,yes
http_lts5srv1,c_480,34,yes
http_motus,c_480,34,yes
http_nccr-robotics,c_480,34,yes
http_robotics,c_480,34,yes
http_tuberculist,c_480,34,yes
http_dlab,m_480,33,yes
http_lca2srv9,c_480,33,yes
http_mycobrowser,c_480,33,yes
http_tuberculist-dev,c_480,33,yes
http_archives-fifel,ci_480,32,yes
http_bbpvm1,c_480,32,yes
http_channelpedia,c_480,32,yes
http_icfe10,c_480,32,yes
http_lampsrv15,c_480,32,yes
http_middleeast,c_480,32,yes
http_smp-he,c_480,32,yes
http_airspec,c_480,31,yes
http_aprlpc1,c_480,31,yes
http_coling,c_480,31,yes
http_enac-it,c_480,31,yes
http_enacit,c_480,31,yes
http_icsce5,c_480,31,yes
http_icsil1-cvs,c_480,31,yes
http_latsis05,c_480,31,yes
http_magasin-bch,c_480,31,yes
http_magasin-sv,c_480,31,yes
http_mtc-dev,c_480,31,yes
http_offres-culturelles,m_480,31,yes
http_progos,c_480,31,yes
http_archivesma,c_480,30,yes
http_campussansfumee,c_480,30,yes
http_colibri,c_480,30,yes
http_comptest2011,c_480,30,yes
http_crppwww,c_480,30,yes
http_enac-it1,c_480,30,yes
http_homofaber,c_480,30,yes
http_icbem,c_480,30,yes
http_ipn,c_480,30,yes
http_itfemmes,c_480,30,yes
http_latsis2004,c_480,30,yes
http_latsis2007,c_480,30,yes
http_meca1,c_480,30,yes
http_memswave2005,c_480,30,yes
http_miplab,c_480,30,yes
http_portable,c_480,30,yes
http_prime,c_480,30,yes
http_projmaster-sar-upload,c_480,30,yes
http_serveur-isic,c_480,30,yes
http_solarcar,c_480,30,yes
http_spcnet,c_480,30,yes
http_test-django1,c_480,30,yes
http_acce,c_480,29,yes
http_annualreportenac,c_480,29,yes
http_carg,c_480,29,yes
http_cheminformatics,c_480,29,yes
http_csma,c_480,29,yes
http_ditsbsrv7,c_480,29,yes
http_enacit1,c_480,29,yes
http_enacshare,c_480,29,yes
http_ibce10,c_480,29,yes
http_itrack,c_480,29,yes
http_laptop,c_480,29,yes
http_latsis2006,c_480,29,yes
http_latsis2008,c_480,29,yes
http_lss07,c_480,29,yes
http_mirage,c_480,29,yes
http_mtc,c_480,29,yes
http_mutations,c_480,29,yes
http_objectifsciences,c_480,29,yes
http_parlab,c_480,29,yes
http_polyrama,c_480,29,yes
http_progsie,c_480,29,yes
http_qd-monteverita,c_480,29,yes
http_sciensationnel,c_480,29,yes
http_sre,c_480,29,yes
http_stipomat,c_480,29,yes
http_taisa,c_480,29,yes
http_test-django2,c_480,29,yes
http_bmes,c_480,28,yes
http_domino,c_480,28,yes
http_gpas,c_480,28,yes
http_grebjpeg,c_480,28,yes
http_iml,c_480,28,yes
http_rose,c_480,28,yes
http_sensemob,c_480,28,yes
http_soft-epfl,c_480,28,yes
http_swisscube,c_480,28,yes
http_test-tequila,c_480,28,yes
http_updepla1srv1,c_480,28,yes
http_absences,c_480,27,yes
http_accred,c_480,27,yes
http_aci-commandes,c_480,27,yes
http_backup-netbackup,c_480,27,yes
http_backup-tina,c_480,27,yes
http_backup,c_480,27,yes
http_catalyse-erm,c_480,27,yes
http_cibmserv2,c_480,27,yes
http_cmp2prd9,c_480,27,yes
http_cmp2tst9,c_480,27,yes
http_coursgc-competences,c_480,27,yes
http_crppdms,c_480,27,yes
http_crpplocal,c_480,27,yes
http_crppold,c_480,27,yes
http_crpppc125,c_480,27,yes
http_datacenters,c_480,27,yes
http_dev-tequila,c_480,27,yes
http_disaldb,c_480,27,yes
http_disaldb1,c_480,27,yes
http_disalit,c_480,27,yes
http_disalit1,c_480,27,yes
http_disalsrv11,c_480,27,yes
http_disalsrv12,c_480,27,yes
http_disalvm2,c_480,27,yes
http_disalvm3,c_480,27,yes
http_dllsti250,c_480,27,yes
http_docs-svdb,c_480,27,yes
http_dsps-secu-labo,c_480,27,yes
http_dsps04,c_480,27,yes
http_edeegesrv1,c_480,27,yes
http_edic-forms,c_480,27,yes
http_elle,c_480,27,yes
http_en-wikidocos,c_480,27,yes
http_enac-itmonitoring,c_480,27,yes
http_enac-ra-dev,c_480,27,yes
http_enac-ra,c_480,27,yes
http_enacit1-sysadmin,c_480,27,yes
http_enacitmon2-graphite,c_480,27,yes
http_enacitmon2,c_480,27,yes
http_exdesksrv6,c_480,27,yes
http_exopgesrv17,c_480,27,yes
http_exopgesrv18,c_480,27,yes
http_exopgesrv38,c_480,27,yes
http_exopgesrv42,c_480,27,yes
http_exopgesrv45,c_480,27,yes
http_exopgesrv5,c_480,27,yes
http_flu,c_480,27,yes
http_fm,c_480,27,yes
http_fr-wikidocos,c_480,27,yes
http_frontiers2016,c_480,27,yes
http_ged-etu,c_480,27,yes
http_gedetu,c_480,27,yes
http_grippe,c_480,27,yes
http_groupes,c_480,27,yes
http_groups,c_480,27,yes
http_icvmwebsrv3,c_480,27,yes
http_idp-exop,c_480,27,yes
http_insc-test,c_480,27,yes
http_insc,c_480,27,yes
http_integration-gedetu,c_480,27,yes
http_isic-reservation,c_480,27,yes
http_kissrv80,c_480,27,yes
http_lcavwiki,c_480,27,yes
http_lcc1,c_480,27,yes
http_lmcebkp1,c_480,27,yes
http_magasin-stock,c_480,27,yes
http_mjf-database,c_480,27,yes
http_mobnet,c_480,27,yes
http_mycamipro-test,c_480,27,yes
http_mycamipro,c_480,27,yes
http_mycoplasmaform-dev,c_480,27,yes
http_mycoplasmaform,c_480,27,yes
http_mynas,c_480,27,yes
http_myvm,c_480,27,yes
http_nas,c_480,27,yes
http_omsei-aa,c_480,27,yes
http_omsei-cdm,c_480,27,yes
http_omsei-dev,c_480,27,yes
http_omsei-ic,c_480,27,yes
http_omsei-sb,c_480,27,yes
http_omsei-sti,c_480,27,yes
http_omseic,c_480,27,yes
http_organeparitairepublica,c_480,27,yes
http_robota,c_480,27,yes
http_sapwikip1,c_480,27,yes
http_services,c_480,27,yes
http_spcdms,c_480,27,yes
http_spcwiki,c_480,27,yes
http_stages-enac,c_480,27,yes
http_statwww,c_480,27,yes
http_sti,c_480,27,yes
http_support-ccsap,c_480,27,yes
http_sv-sendorder,c_480,27,yes
http_tequila01,c_480,27,yes
http_tequila02-test,c_480,27,yes
http_tequila03,c_480,27,yes
http_test-absences,c_480,27,yes
http_test-accred,c_480,27,yes
http_test-gedetu,c_480,27,yes
http_test-groups,c_480,27,yes
http_test-services,c_480,27,yes
http_ucwiki,c_480,27,yes
http_bionano2009,c_480,26,yes
http_bmisymposia,c_480,26,yes
http_citysim,c_480,26,yes
http_cmp2www,c_480,26,yes
http_cours-jahia,c_480,26,yes
http_cubesat,c_480,26,yes
http_deplanckelab,c_480,26,yes
http_diaswww,c_480,26,yes
http_ditsbsrv59,c_480,26,yes
http_exopgesrv27,c_480,26,yes
http_fens-villars2008,c_480,26,yes
http_frontiers2013,c_480,26,yes
http_icare,c_480,26,yes
http_ioocs2017,c_480,26,yes
http_jahia02,c_480,26,yes
http_lasa,c_480,26,yes
http_lcn,c_480,26,yes
http_lepa,c_480,26,yes
http_lsi-www,c_480,26,yes
http_lttcrun1,c_480,26,yes
http_lttpc27,c_480,26,yes
http_lttwww,c_480,26,yes
http_nodb,c_480,26,yes
http_omsei-enac,c_480,26,yes
http_omsei-epfl,c_480,26,yes
http_sanas,c_480,26,yes
http_smartrob,c_480,26,yes
http_sorryserver,c_480,26,yes
http_ssv-ta,c_480,26,yes
http_tequila,c_480,26,yes
http_tequila01-test,c_480,26,yes
http_test-bluebrain,c_480,26,yes
http_test-cooperation,c_480,26,yes
http_test-idevelop,c_480,26,yes
http_test-mediacom,c_480,26,yes
http_test-moocs,c_480,26,yes
http_test-phd,c_480,26,yes
http_test-portesouvertes,c_480,26,yes
http_test-valais,c_480,26,yes
http_toastmasters2,c_480,26,yes
http_ioocs17,c_480,25,yes
http_jahia01,c_480,25,yes
http_lap2,c_480,25,yes
http_leso2,c_480,25,yes
http_lpdserv1,c_480,25,yes
http_occupancy,c_480,25,yes
http_sbdd2015,c_480,25,yes
http_sorryserver-test,c_480,25,yes
http_static,c_480,25,yes
http_tequila04,c_480,25,yes
http_test-bachelor,c_480,25,yes
http_test-cdh,c_480,25,yes
http_test-entreprises,c_480,25,yes
http_test-gcc,c_480,25,yes
http_test-help,c_480,25,yes
http_test-ic,c_480,25,yes
http_test-research-office,c_480,25,yes
http_test-teaching,c_480,25,yes
http_bigwww,c_480,24,yes
http_ogifsrv3,c_480,24,yes
http_polyssons,c_480,24,yes
http_sbdd2017,c_480,24,yes
http_test-futuretudiant,m_480,24,yes
http_test-gfo,c_480,24,yes
http_test-information,m_480,24,yes
http_test-international,c_480,24,yes
http_test-jahia-prod,m_480,24,yes
http_test-recherche,c_480,24,yes
http_test-sti,m_480,24,yes
http_test-sv,m_480,24,yes
http_test-ticketshop,c_480,24,yes
http_test-working,c_480,24,yes
http_tresormon,c_480,24,yes
http_cape-quest,c_480,23,yes
http_exopgesrv26,m_480,23,yes
http_jahia-integration,m_480,23,yes
http_lampsrv14,c_480,23,yes
http_lcbb,c_480,23,yes
http_test-artlab,m_480,23,yes
http_test-library,m_480,23,yes
http_test-studying,m_480,23,yes
http_tresor-dev,m_480,23,yes
http_tresor,m_480,23,yes
http_big,c_480,22,yes
http_enacta10,c_480,22,yes
http_lgg,c_480,22,yes
http_svitsrv14,c_480,22,yes
http_svitsrv81,c_480,22,yes
http_test-cdm,m_480,22,yes
http_test-emploi,m_480,22,yes
http_test-enac,m_480,22,yes
http_test-infra-jahia,m_480,22,yes
http_test-sb,m_480,22,yes
http_dexter,c_480,21,yes
http_frontiers,c_480,21,yes
http_lasavmsrv2,c_480,21,yes
http_lss2017,c_480,21,yes
http_moocs-afrique,c_480,21,yes
http_rebelle,c_480,21,yes
http_recruiting,c_480,21,yes
http_sbitsrv1,c_480,21,yes
http_sssl2012,c_480,21,yes
http_asvm,c_480,20,yes
http_infotest,c_480,20,yes
http_lss2010,c_480,20,yes
http_ssbb2013,c_480,20,yes
http_sscn2011,c_480,20,yes
http_swisscytomeeting,c_480,20,yes
http_dspslp4,mi_480,19,yes
http_infowww,m_480,19,yes
http_issid2011,c_480,19,yes
http_sibs2013,c_480,19,yes
http_ssbb2012,c_480,19,yes
http_sv-ocs,c_480,19,yes
http_bms2015,c_480,18,yes
http_ecvp2010,c_480,18,yes
http_emyh2014,c_480,18,yes
http_fss2012,c_480,18,yes
http_hrm-biop,c_480,18,yes
http_lss2012,c_480,18,yes
http_lss2013,c_480,18,yes
http_sibs2010,c_480,18,yes
http_sms2013,c_480,18,yes
http_ssbb2011,c_480,18,yes
http_swimm2012,c_480,18,yes
http_auditoires-physique,c_480,17,yes
http_bbpnmc,c_480,17,yes
http_chaire-gaz-naturel,c_480,17,yes
http_crpppc217,c_480,17,yes
http_lss2015,c_480,17,yes
http_sscn2017,c_480,17,yes
http_sv-facilities,c_480,17,yes
http_atmss,c_480,16,yes
http_cmw2015,c_480,16,yes
http_crppit,c_480,16,yes
http_lightsolve,c_480,15,yes
http_phasemeas2010,c_480,15,yes
http_pip-conference,c_480,15,yes
http_cadmos,mi_480,14,yes
http_cibm-sp,c_480,14,yes
http_gms2011,c_480,14,yes
http_helium,c_480,14,yes
http_lampsrv3,mi_480,14,yes
http_nanotera,c_480,14,yes
http_secowinetcourse,c_480,14,yes
http_spcpc353,c_480,14,yes
http_cisbat,c_480,13,yes
http_hardi,c_480,13,yes
http_lslwww,c_480,13,yes
http_lss08,ci_480,13,yes
http_nano-tera,c_480,13,yes
http_psychoprot,cr2c_480,13,yes
http_scala-dev,mi_480,13,yes
http_scala,mi_480,13,yes
http_secowinet,c_480,13,yes
http_gm17,c_480,12,maybe
http_icsil1-ds-19,c_480,12,maybe
http_lcsb-databases,c_480,12,maybe
http_lcsbsrv3,m_480,12,maybe
http_suri,c_480,12,maybe
http_blockchain-summer,c_480,11,maybe
http_epsppd,c_480,11,maybe
http_htsstation,c_480,11,maybe
http_icsil1-ds-21,c_480,11,maybe
http_isicsrv14,c_480,11,maybe
http_lampsrv35,mi_480,11,maybe
http_polylansrv1,mi_480,11,maybe
http_postal-innovation,c_480,11,maybe
http_tsd,c_480,11,maybe
http_crpppc42,c_480,10,maybe
http_sbwordpress,c_480,10,maybe
http_icold2015bmw,m_480,9,maybe
http_idevingtladdc1,mi_480,9,maybe
http_riverflow2014,c_480,9,maybe
http_a3angels,c_480,8,maybe
http_grjetlp2,c_480,8,maybe
http_microbslp1,c_480,8,maybe
http_topo-a4-c3,m_480,8,maybe
http_dlp2014,mi_480,7,maybe
http_models,c_480,7,maybe
http_polyssons-migr,cr1c_480,7,maybe
http_sport,c_480,7,maybe
http_ipmcgelp2,ci_480,6,maybe
http_lcsb1lp8,c_480,6,maybe
http_parsa,cr1c_480,6,maybe
http_theoslp1,cr2ci_480,6,maybe
http_theossrv1,ci_480,6,maybe
http_cervix,c_480,5,no
http_cmigeadapt2,m_480,5,no
http_genohm1,cr2ci_480,5,no
http_iamac147,c_480,5,no
http_ogifdev1,c_480,5,no
http_aad001-a3-c1,cr2ci_480,4,no
http_abeservice,cr2ci_480,4,no
http_accesvideo1,cr2ci_480,4,no
http_acronymes,m_480,4,no
http_adele-wiki,cr1mi_480,4,no
http_aerialcrowds,cr1c_480,4,no
http_aeropoly,cr1c_480,4,no
http_agepolixsrv1,cr2c_480,4,no
http_agepolysrv0,cr1ci_480,4,no
http_agepxen1,cr1ci_480,4,no
http_agf,mi_480,4,no
http_annuaire,cr2c_480,4,no
http_apc,cr1ci_480,4,no
http_apizoom,cr1ci_480,4,no
http_archizoommac4,ci_480,4,no
http_armac115,cr1ci_480,4,no
http_artiphys,c_480,4,no
http_atprlp1,cr2c_480,4,no
http_aumonerie,mi_480,4,no
http_baldesdiplomes,cr1ci_480,4,no
http_balelecsrv3,ci_480,4,no
http_balelecsrv4,cr1c_480,4,no
http_bball-roulette,cr1mi_480,4,no
http_bbpmonitoring,cr1c_480,4,no
http_bbpopenstack,cr1c_480,4,no
http_bdd,cr1ci_480,4,no
http_biogeme,cr1mi_480,4,no
http_bioscript,cr1mi_480,4,no
http_bms2016,cr1mi_480,4,no
http_c2cpc45,c_480,4,no
http_carpoly,cr1ci_480,4,no
http_cavgelp6,ci_480,4,no
http_cavgelp7,cr1m_480,4,no
http_ccmi,cr2c_480,4,no
http_ceatmac2,ci_480,4,no
http_cecampc28,cr2c_480,4,no
http_cecampc35,cr1m_480,4,no
http_cecamsrv2,cr1mi_480,4,no
http_chess,cr2c_480,4,no
http_cimegenas1,ci_480,4,no
http_cimegerel4,c_480,4,no
http_cimegerelais1,m_480,4,no
http_cimegesyn1,mi_480,4,no
http_cmipc62,cr1ci_480,4,no
http_cmipc63,cr1ci_480,4,no
http_cnplp1,cr2ci_480,4,no
http_colorthesaurus,cr2c_480,4,no
http_com402,ci_480,4,no
http_cours-scienceinfo,cr2c_480,4,no
http_crimac1,cr1ci_480,4,no
http_crppdev39,cr2ci_480,4,no
http_crppplc12,cr2c_480,4,no
http_cryossrv2,cr2ci_480,4,no
http_ctsgelp4,ci_480,4,no
http_curvesplus,ci_480,4,no
http_daflp5,cr2ci_480,4,no
http_datafrica,cr2c_480,4,no
http_diie-greatcell-1,ci_480,4,no
http_diielp1,cr1c_480,4,no
http_diielp4,cr1c_480,4,no
http_diiilp11,cr1ci_480,4,no
http_directory,c_480,4,no
http_disallp1,cr2c_480,4,no
http_disallp2,cr1m_480,4,no
http_disc,cr1m_480,4,no
http_ditex-web,cr1c_480,4,no
http_drhlp1,ci_480,4,no
http_dslabpc41,c_480,4,no
http_ecol-a4-c4,cr2ci_480,4,no
http_edeegelp1,mi_480,4,no
http_edev2017,cr2c_480,4,no
http_edic-admissions,ci_480,4,no
http_eflum-a4-c3,cr2c_480,4,no
http_elementsofrobotics,cr1mi_480,4,no
http_enac3fmaker,cr1ci_480,4,no
http_enacdo-a4-n3,ci_480,4,no
http_enacdo-a4-n4,cr2ci_480,4,no
http_enacit3pc69,cr2ci_480,4,no
http_enacitpc54,cr1m_480,4,no
http_epflecallpc4,cr2ci_480,4,no
http_express03,ci_480,4,no
http_fcuelp1,m_480,4,no
http_fimaplp3,mi_480,4,no
http_fstate,cr2ci_480,4,no
http_gca2401-a3-c1-ps,cr1m_480,4,no
http_gcmpsrv14,mi_480,4,no
http_genomap,c_480,4,no
http_geoportail-demo,cr1c_480,4,no
http_geoportail,cr1c_480,4,no
http_gestepc4,m_480,4,no
http_gges-migr,c_480,4,no
http_glassdbase,cr1c_480,4,no
http_grammar,c_480,4,no
http_grebpc1,c_480,4,no
http_grfepc1,cr1m_480,4,no
http_grkrolp1,cr1m_480,4,no
http_grostlp1,cr2c_480,4,no
http_helpsvit,c_480,4,no
http_hpc-test,cr2ci_480,4,no
http_ibetonlp1,cr2c_480,4,no
http_ibetonlp2,cr1c_480,4,no
http_iboislp3,cr2ci_480,4,no
http_iciigprt02,cr1m_480,4,no
http_icitlp2,cr1c_480,4,no
http_icmbpc060,cr2c_480,4,no
http_icmpgelp1,cr1ci_480,4,no
http_icmpgelp11,cr1ci_480,4,no
http_icmpgelp4,c_480,4,no
http_icsallesrv1,cr1c_480,4,no
http_icsglp2,c_480,4,no
http_icsglp3,cr2c_480,4,no
http_icsil1-ds-22,ci_480,4,no
http_icsil1-lp21,m_480,4,no
http_idevelopsrv11,mi_480,4,no
http_ielsrv6,cr1ci_480,4,no
http_igatlp2,cr2c_480,4,no
http_igmgesrv3,cr1c_480,4,no
http_imaclp2,mi_480,4,no
http_imtnegelp18,ci_480,4,no
http_instantlabpc5,cr1ci_480,4,no
http_integrcity,cr2c_480,4,no
http_intranet-isic,cr1c_480,4,no
http_ipelp6,m_480,4,no
http_ipeseserv5,cr2ci_480,4,no
http_ipesevm105,ci_480,4,no
http_ipgdoc,cr2c_480,4,no
http_ipngelp1,cr1ci_480,4,no
http_ipngelp4,cr1c_480,4,no
http_ipngelp8,c_480,4,no
http_ipt2013,c_480,4,no
http_isicge-vslp3,cr1c_480,4,no
http_isicgelp7,cr1c_480,4,no
http_isicgepc1,mi_480,4,no
http_isicgevsserv1,cr2c_480,4,no
http_isicsrv2,cr1m_480,4,no
http_itpgelp14,cr1ci_480,4,no
http_kissrv67,c_480,4,no
http_lacalsrv9,cr1mi_480,4,no
http_ladykiller,cr1c_480,4,no
http_lamdclustermaster,m_480,4,no
http_lamdsrv2,c_480,4,no
http_lamp-prod,c_480,4,no
http_lampsrv06,cr1ci_480,4,no
http_lampsrv10mon,cr1ci_480,4,no
http_lampsrv33,cr1ci_480,4,no
http_lappc16,cr1m_480,4,no
http_larapc12,cr1m_480,4,no
http_laraserver3mon,cr1ci_480,4,no
http_larasrv04,mi_480,4,no
http_larasrv12,c_480,4,no
http_latsis2016,mi_480,4,no
http_lbelp4,c_480,4,no
http_lbncpc19,cr1c_480,4,no
http_lca1srv2,cr1m_480,4,no
http_lcbclc5,cr1c_480,4,no
http_lcbimlp1,cr1c_480,4,no
http_lcomlp2,cr1c_480,4,no
http_lcppmlp1,cr2ci_480,4,no
http_lcppmlp4,cr1c_480,4,no
http_lcvmm,cr1ci_480,4,no
http_lcvmmsrv2,cr1ci_480,4,no
http_lcvmmsrv8,ci_480,4,no
http_lcvmwww,cr1ci_480,4,no
http_lebpc13,cr1c_480,4,no
http_leglp1,cr1ci_480,4,no
http_legpc44,ci_480,4,no
http_lemalp9,cr2ci_480,4,no
http_limnolp3,cr2c_480,4,no
http_lislp1,cr1ci_480,4,no
http_lmer-vslp1,cr1m_480,4,no
http_lmerpc5,cr1ci_480,4,no
http_lmhlp10,cr1ci_480,4,no
http_lmhlp3,c_480,4,no
http_lmhlp8,ci_480,4,no
http_lmmlp1,cr1m_480,4,no
http_lmomlp6,cr2ci_480,4,no
http_lmomsrv2,cr1ci_480,4,no
http_lmrpow,cr1ci_480,4,no
http_lmsclp2,cr2c_480,4,no
http_lncolp4,ci_480,4,no
http_lnelp2,m_480,4,no
http_lnelp3,cr2ci_480,4,no
http_loeqpc9,c_480,4,no
http_lphe1lp2,cr1c_480,4,no
http_lpmvlp2,cr1ci_480,4,no
http_lpmvlp7,cr1ci_480,4,no
http_lpnlp1,cr1ci_480,4,no
http_lpptlp1,cr1c_480,4,no
http_lpqm1lablight1,cr2c_480,4,no
http_lpqm1srv3,ci_480,4,no
http_lqglp1,m_480,4,no
http_lreselp1,cr2ci_480,4,no
http_lsbilp2,cr1c_480,4,no
http_lsbilp4,ci_480,4,no
http_lsmpc36,m_480,4,no
http_lspmlp1,cr1c_480,4,no
http_lspwww,cr2c_480,4,no
http_lsulp7,cr1m_480,4,no
http_ltcmpc21,cr1m_480,4,no
http_lts2cdk,cr1mi_480,4,no
http_magasin-ch,cr1c_480,4,no
http_malp3,ci_480,4,no
http_mathgeomgelp1,cr1m_480,4,no
http_micssrv31,m_480,4,no
http_modval13,cr1ci_480,4,no
http_mtclinux10,cr1ci_480,4,no
http_mtclp2,cr2c_480,4,no
http_myagepoly,cr1ci_480,4,no
http_myjobs,cr1ci_480,4,no
http_mymtc,cr1c_480,4,no
http_netscope,cr2c_480,4,no
http_parrainage,cr1ci_480,4,no
http_parsalp3,cr1c_480,4,no
http_petitesannonces,cr2c_480,4,no
http_photo,cr2c_480,4,no
http_polyhelp,m_480,4,no
http_polylan,cr1m_480,4,no
http_polylive,cr1ci_480,4,no
http_polynice,cr1ci_480,4,no
http_polyvovote-agepoly,cr1ci_480,4,no
http_posenogap,cr2ci_480,4,no
http_powerlablp3,cr2c_480,4,no
http_preslp6,cr1c_480,4,no
http_prob,mi_480,4,no
http_ptbiopsrv2,c_480,4,no
http_ptcflp2,cr1c_480,4,no
http_ptecgelp2,cr1ci_480,4,no
http_radtkelab,c_480,4,no
http_rdpgw,cr1m_480,4,no
http_rirl2016,cr1c_480,4,no
http_routebricks,m_480,4,no
http_saidias,cr1ci_480,4,no
http_sargemac4,cr2ci_480,4,no
http_sbitlp5,cr1mi_480,4,no
http_sbitsrv16,cr2ci_480,4,no
http_sblp1,cr1c_480,4,no
http_sbsrv14,c_480,4,no
http_sbsstsrv2,cr2c_480,4,no
http_scgcenslp1,mi_480,4,no
http_scitassrv14,ci_480,4,no
http_scitassrv21,cr2ci_480,4,no
http_seance,cr1ci_480,4,no
http_search,c_480,4,no
http_sepc51,cr1c_480,4,no
http_sgmgelp7,cr1m_480,4,no
http_sidekick,cr1m_480,4,no
http_sidppc40,cr1ci_480,4,no
http_sidppc66,cr1m_480,4,no
http_sipc1,cr1m_480,4,no
http_slideshot,ci_480,4,no
http_slims-demo,ci_480,4,no
http_slims-dev,ci_480,4,no
http_slims-lmnn,ci_480,4,no
http_slims-oaties,ci_480,4,no
http_slims-test,ci_480,4,no
http_slims-upbri-dev,ci_480,4,no
http_slims-uphummel,ci_480,4,no
http_smallp1,cr1m_480,4,no
http_smartgrid-old,cr2c_480,4,no
http_smat,cr1c_480,4,no
http_smavnet,m_480,4,no
http_snw2016,cr2c_480,4,no
http_sphyslp5,cr1c_480,4,no
http_ssiege-a4-c4,cr2c_480,4,no
http_stidolp2,cr1m_480,4,no
http_stidolp3,cr1ci_480,4,no
http_stiitpc20,cr2ci_480,4,no
http_sv-sglp8,cr1m_480,4,no
http_sv4-164,m_480,4,no
http_svinlp2,cr1m_480,4,no
http_svinlp6,mi_480,4,no
http_svitlimssat,ci_480,4,no
http_svitsrv1,c_480,4,no
http_test-search,m_480,4,no
http_theoslp12,ci_480,4,no
http_theoslp13,ci_480,4,no
http_theoslp15,ci_480,4,no
http_theoslp18,ci_480,4,no
http_timesheet,cr1mi_480,4,no
http_tournoibernard,cr1ci_480,4,no
http_tresor-srv01mon,cr1ci_480,4,no
http_trustmymail,m_480,4,no
http_trx,cr1ci_480,4,no
http_ts,ci_480,4,no
http_uatesb5,cr2ci_480,4,no
http_unipoly,cr1c_480,4,no
http_upblolp3,cr2ci_480,4,no
http_upcollp3,cr1m_480,4,no
http_upcourtinelp5,cr2c_480,4,no
http_updalpesrv1,cr2ci_480,4,no
http_updeplalp1,ci_480,4,no
http_a3epfllp3,cr1c_480,3,no
http_arpc050,cr1c_480,3,no
http_artiphys-migr,c_480,3,no
http_artlablp1,cr1c_480,3,no
http_artlablp2,cr1c_480,3,no
http_asterion,cr2c_480,3,no
http_balelec,cr1m_480,3,no
http_baspfrontiers,cr1c_480,3,no
http_bbpopenstackdev,cr1c_480,3,no
http_besafe,ci_480,3,no
http_besar,c_480,3,no
http_bmigelp10,cr1c_480,3,no
http_bmigelp2,cr1c_480,3,no
http_bmigelp4,cr1c_480,3,no
http_bottin,c_480,3,no
http_cavgelp9,cr1c_480,3,no
http_ccmxgepc16,cr1c_480,3,no
http_cdmlp10,cr1c_480,3,no
http_cdmlp6,cr1c_480,3,no
http_cecam-xerox,cr1c_480,3,no
http_cimegelp3,cr1c_480,3,no
http_cimegerel1,cr1ci_480,3,no
http_cimegerel3,cr1ci_480,3,no
http_cimegerel7,cr1mi_480,3,no
http_cimegerel8,cr1ci_480,3,no
http_cimegerel9,cr1mi_480,3,no
http_cimegerelais2,cr1ci_480,3,no
http_cl47,cr1c_480,3,no
http_cl59,cr1c_480,3,no
http_cm2247-a4-c1,cr1c_480,3,no
http_cm2263-a3-c1,cr1c_480,3,no
http_cmigeadapt3,cr1ci_480,3,no
http_cmilp2,cr1c_480,3,no
http_co5-a3-n1,cr2c_480,3,no
http_cosmolp2,cr1c_480,3,no
http_cpggelp1,cr1c_480,3,no
http_cpggelp2,ci_480,3,no
http_cpggelp3,cr1c_480,3,no
http_crppdav,ci_480,3,no
http_cryospc11,cr1c_480,3,no
http_csilp1,cr1c_480,3,no
http_cssa,cr1ci_480,3,no
http_cvlablp5,cr1c_480,3,no
http_dasimac1,cr1c_480,3,no
http_dhlabsrv10,cr1m_480,3,no
http_diiegap-servamics,ci_480,3,no
http_diielp10,cr1c_480,3,no
http_diiesrv7,ci_480,3,no
http_disalsrv2,c_480,3,no
http_display-corner,cr1c_480,3,no
http_ditex-wiki-sds,cr1c_480,3,no
http_ditsbsrv13,cr1c_480,3,no
http_ditsbsrv34,m_480,3,no
http_doodle,ci_480,3,no
http_dprlp2,cr1c_480,3,no
http_eespapc7,cr1c_480,3,no
http_enacit1lp7,cr1c_480,3,no
http_enacit3pc94,cr1c_480,3,no
http_enacitlp13,cr1c_480,3,no
http_enacprojeterensemble,cr1m_480,3,no
http_ether,ci_480,3,no
http_exterplp1,cr1ci_480,3,no
http_fcuelp6,cr2c_480,3,no
http_fimaplp2,cr1c_480,3,no
http_fir,cr1ci_480,3,no
http_funweb,c_480,3,no
http_gca2401-a3-c1,cr1c_480,3,no
http_gisge-a4-c1,cr1c_480,3,no
http_grc0504-a0-c6,cr1c_480,3,no
http_grebproshare,cr1ci_480,3,no
http_grfelp1,cr1m_480,3,no
http_grvdb1lp1,cr1c_480,3,no
http_gtplp1,cr1c_480,3,no
http_heruspc14,c_480,3,no
http_hope,mi_480,3,no
http_hsm,cr2c_480,3,no
http_ibisvgelp5,cr1c_480,3,no
http_ibois-a4-n1,cr1c_480,3,no
http_iboislp1,cr1c_480,3,no
http_icitlp5,cr1c_480,3,no
http_icmbmac017,cr1c_480,3,no
http_icmbpc022,cr1c_480,3,no
http_icmbpc133,cr1c_480,3,no
http_icmbpc148,cr1c_480,3,no
http_icmbpc149,cr1c_480,3,no
http_icmbpriv22,cr1c_480,3,no
http_icmbprt008,ci_480,3,no
http_icmbprt019,cr1c_480,3,no
http_icmpgelp2,cr1ci_480,3,no
http_icsil1-ds-01,ci_480,3,no
http_icsil1-ds-30,c_480,3,no
http_icsil1-tor1,c_480,3,no
http_icsil1guest,c_480,3,no
http_icvmwebsrv2,cr1ci_480,3,no
http_icvmwpc82,c_480,3,no
http_icwfile,cr1m_480,3,no
http_icwww,cr1ci_480,3,no
http_ielmac18,cr1m_480,3,no
http_igmgelp2,c_480,3,no
http_igmgesrv2,cr1c_480,3,no
http_imalp6,cr2ci_480,3,no
http_imtnegelp21,cr1c_480,3,no
http_imtnegelp6,cr2c_480,3,no
http_inelp1,cr1c_480,3,no
http_ioalp2,cr2c_480,3,no
http_ioalp8,cr1c_480,3,no
http_iplt,cr2c_480,3,no
http_ipmcgesrv4,ci_480,3,no
http_ipt,c_480,3,no
http_isclp4,cr1c_480,3,no
http_isicge-vslp2,cr1c_480,3,no
http_isicge-vslp4,cr1c_480,3,no
http_isicge-vslp7,cr1c_480,3,no
http_isicge-vslp8,cr1c_480,3,no
http_isicge-vslp9,cr1c_480,3,no
http_isicsrv8-infortrend,cr1ci_480,3,no
http_isrecgelp17,cr1c_480,3,no
http_isrecgelp20,cr1c_480,3,no
http_it-test,c_480,3,no
http_je-migr,cr1c_480,3,no
http_kihoskh,cr1ci_480,3,no
http_kross4,cr1mi_480,3,no
http_lammmlp1,cr1c_480,3,no
http_lampscalaw3dev,cr2ci_480,3,no
http_lampsrv1,cr1m_480,3,no
http_laplp4,cr1c_480,3,no
http_larapc03,cr1ci_480,3,no
http_laseclp5,cr1c_480,3,no
http_laspelp1,cr1ci_480,3,no
http_latex,cr1c_480,3,no
http_lbesrv,ci_480,3,no
http_lbesrv2,cr1c_480,3,no
http_lbni-anfatec,cr1ci_480,3,no
http_lbnipc10,cr1ci_480,3,no
http_lcbcpriv15,ci_480,3,no
http_lclp1,cr1c_480,3,no
http_lclp3,cr1c_480,3,no
http_lclp7,cr1mi_480,3,no
http_lcomlp4,cr1c_480,3,no
http_lcpmlp3,cr1c_480,3,no
http_lcsb1mac2,cr1c_480,3,no
http_lcsbmac3,cr1c_480,3,no
http_lcsopc2,cr1c_480,3,no
http_ldpcopt,cr1c_480,3,no
http_lepa-vslp3,cr1c_480,3,no
http_lfmilp3,cr1c_480,3,no
http_lgclp3,cr1c_480,3,no
http_lhtclp9,cr1c_480,3,no
http_lialp1,cr1c_480,3,no
http_lifmetlpr3,cr2c_480,3,no
http_lmcpc52,m_480,3,no
http_lmgnlp1,cr1c_480,3,no
http_lmhlp4,ci_480,3,no
http_lmhlp5,cr2c_480,3,no
http_lmnnlp1,cr1c_480,3,no
http_lmnnlp3,cr1c_480,3,no
http_lmnnlp5,cr1c_480,3,no
http_lmomlp7,cr1ci_480,3,no
http_lndclp1,cr1c_480,3,no
http_lnmclp2,cr1c_480,3,no
http_lpdclp1,cr1c_480,3,no
http_lpdpc12,cr2c_480,3,no
http_lpilp1,cr1c_480,3,no
http_lrspc8,cr1c_480,3,no
http_lscblp1,cr1c_480,3,no
http_lsenslp1,cr1c_480,3,no
http_lsro1lp1,cr1c_480,3,no
http_lvglp3,cr1c_480,3,no
http_mathe,cr1c_480,3,no
http_mathicselp2,cr1c_480,3,no
http_mathicselp7,cr2c_480,3,no
http_mcslp5,cr1c_480,3,no
http_mcsslp2,cr1c_480,3,no
http_mintt,cr1mi_480,3,no
http_mowses,cr2ci_480,3,no
http_myslideshot,cr1ci_480,3,no
http_nccr-qp,cr1c_480,3,no
http_ncemlp3,cr1c_480,3,no
http_nuppa,cr2ci_480,3,no
http_panacee,cr1ci_480,3,no
http_perfeval,cr1c_480,3,no
http_plan-queer,cr2c_480,3,no
http_powerlablp2,cr1m_480,3,no
http_promethee,cr1c_480,3,no
http_pthlp1,cr1c_480,3,no
http_rdp-gateway,cr1c_480,3,no
http_rdpgateway,c_480,3,no
http_redmine,cr1c_480,3,no
http_richmodels,ci_480,3,no
http_saclp7,cr1c_480,3,no
http_saelp2,cr1c_480,3,no
http_saga,cr1c_480,3,no
http_sbatbsplp3,cr1m_480,3,no
http_sbsrv1,cr2c_480,3,no
http_sbsrv11,cr2c_480,3,no
http_sciicrblpt02,cr1c_480,3,no
http_scisbmn-vslp1,cr1c_480,3,no
http_scistimm,cr1ci_480,3,no
http_scitassrv24,cr1c_480,3,no
http_sdnpi,cr1ci_480,3,no
http_seepc15,cr1m_480,3,no
http_si-exheb,cr1c_480,3,no
http_si2,cr1ci_480,3,no
http_sidppc58,ci_480,3,no
http_smallp2,cr1c_480,3,no
http_smasrv1,cr1c_480,3,no
http_solardecathlon,ci_480,3,no
http_spcdav,ci_480,3,no
http_spcel4,cr1mi_480,3,no
http_spclp26,cr1c_480,3,no
http_spclp40,cr1c_480,3,no
http_sphgelp1,cr1ci_480,3,no
http_spigelp1,cr1m_480,3,no
http_sripc4,cr1c_480,3,no
http_ssvgelp1,cr2ci_480,3,no
http_ssvgelp3,cr2ci_480,3,no
http_stifilp1,cr1c_480,3,no
http_stigelp3,cr1c_480,3,no
http_stiitcgen04,cr1c_480,3,no
http_stiitlp1,cr2ci_480,3,no
http_stilic2,cr2c_480,3,no
http_suri-past,cr1ci_480,3,no
http_sv-sglp11,cr1c_480,3,no
http_svgelp9,cr1c_480,3,no
http_svinlp12,cr1m_480,3,no
http_svinlp7,cr1c_480,3,no
http_svinlp8,cr1c_480,3,no
http_svitlp1,m_480,3,no
http_test-events,cr1ci_480,3,no
http_test-fribourg,cr1ci_480,3,no
http_test-help-memento,cr1ci_480,3,no
http_test-wsresp,cr1ci_480,3,no
http_tethys,ci_480,3,no
http_theoslp14,ci_480,3,no
http_theoslp16,cr1c_480,3,no
http_theoslp17,ci_480,3,no
http_theoslp19,cr1c_480,3,no
http_thl,cr1ci_480,3,no
http_thot,cr1m_480,3,no
http_tnelp1,cr1c_480,3,no
http_touchscreen-ic,cr1mi_480,3,no
http_tresor-srv03,cr1c_480,3,no
http_ttolp5,cr1c_480,3,no
http_upablasserlp1,cr1c_480,3,no
http_upablasserlp2,cr1c_480,3,no
http_upaltuglp2,ci_480,3,no
http_upauwerx1lp1,cr1c_480,3,no
http_upcorreialp1,cr1c_480,3,no
http_updalpesrv2,ci_480,3,no
http_updeplalp3,cr1c_480,3,no
http_upgilp1,cr1c_480,3,no
http_upgonlp1,cr1c_480,3,no
http_2008r2-1,mi_480,2,no
http_acc,cr1ci_480,2,no
http_algo,cr1ci_480,2,no
http_aphyspc1,m_480,2,no
http_arpc042,cr1mi_480,2,no
http_arpc152,cr1ci_480,2,no
http_bagatelle,cr1ci_480,2,no
http_balelecsrv5,c_480,2,no
http_baramine,cr2c_480,2,no
http_bbcf-serv03,ci_480,2,no
http_bbcftools,cr2c_480,2,no
http_c2cpc16,ci_480,2,no
http_c2cpc4,ci_480,2,no
http_c2cpc44,cr2ci_480,2,no
http_cheminfo-slave,c_480,2,no
http_cheminfo,c_480,2,no
http_cheminfo14,c_480,2,no
http_cheminfo15,c_480,2,no
http_chimge,ci_480,2,no
http_cimegerel2,c_480,2,no
http_circadian,cr2ci_480,2,no
http_cmigevm1,c_480,2,no
http_cmipc46,mi_480,2,no
http_cmiscan1,cr1ci_480,2,no
http_complexdesign,cr2c_480,2,no
http_cosmopc4,cr2c_480,2,no
http_crpppc345,ci_480,2,no
http_crpptb4,cr1ci_480,2,no
http_diiafmt1,cr2ci_480,2,no
http_diielp20,cr2c_480,2,no
http_ecallabsrv1,cr2c_480,2,no
http_ecoslp4,c_480,2,no
http_elzevier,cr2c_480,2,no
http_enacrepo,ci_480,2,no
http_eslsrv5,c_480,2,no
http_exappsrv2,c_480,2,no
http_fb,cr1ci_480,2,no
http_fbsun1,cr1mi_480,2,no
http_fbwww,cr1mi_480,2,no
http_fondation-hamburger,cr1mi_480,2,no
http_forumsrv1-dev,c_480,2,no
http_forumsrv1,c_480,2,no
http_fsilp4,ci_480,2,no
http_gcmpsrv1,mi_480,2,no
http_gellp2,cr1mi_480,2,no
http_gestepc1,cr1ci_480,2,no
http_grebsrv6,c_480,2,no
http_grfepc2,cr2ci_480,2,no
http_grfepc3,cr1m_480,2,no
http_grlsmpc9,ci_480,2,no
http_grpupc2,cr1mi_480,2,no
http_h2b2vs,cr1c_480,2,no
http_iamac8,cr2c_480,2,no
http_ibois-a4-c1,cr2c_480,2,no
http_icnalsp3s3,m_480,2,no
http_icnalsp3s4,m_480,2,no
http_icsil1-conode2,ci_480,2,no
http_icsil1-ds-04,ci_480,2,no
http_icsil1-lp06,ci_480,2,no
http_icsil1noteb206,cr2c_480,2,no
http_igc-illegale-2,cr1ci_480,2,no
http_imtgelp13,c_480,2,no
http_injectisome-wiki,cr1m_480,2,no
http_instantlabpc2,cr2c_480,2,no
http_ipesevm104,cr2ci_480,2,no
http_ipgold,cr1ci_480,2,no
http_kms,c_480,2,no
http_lampscalatst2mon,cr1c_480,2,no
http_lampsrv03,c_480,2,no
http_lampsrv21,cr1ci_480,2,no
http_lampsrv4,cr2c_480,2,no
http_lamscours-java,c_480,2,no
http_lamssrv3,ci_480,2,no
http_laragitadm,cr1ci_480,2,no
http_larasrv11,c_480,2,no
http_lasigpc11,c_480,2,no
http_lasigsrv2,m_480,2,no
http_lavocnas1,cr1ci_480,2,no
http_lca2srv30,c_480,2,no
http_lca2srv48,ci_480,2,no
http_lca3www,cr2ci_480,2,no
http_lcicpc15,cr1ci_480,2,no
http_lcpmlp2,ci_480,2,no
http_lcrms,c_480,2,no
http_leso-eib,c_480,2,no
http_lesopbpc20,ci_480,2,no
http_lesopbpc44,cr2c_480,2,no
http_lesopbsrv1,cr2c_480,2,no
http_lifmetserv4,m_480,2,no
http_lmhibm4,cr1ci_480,2,no
http_lmis1lp4,ci_480,2,no
http_lobpc21,m_480,2,no
http_lphe1lp8,ci_480,2,no
http_lphe1pc47,m_480,2,no
http_lrcwww,cr1c_480,2,no
http_ltcmsrv1,cr2c_480,2,no
http_mandy,cr2c_480,2,no
http_mapping-controversies,cr1c_480,2,no
http_marvelsrv1,m_480,2,no
http_mathicselp9,cr1ci_480,2,no
http_mathicsepc54,ci_480,2,no
http_mathicsepc62,c_480,2,no
http_meteolakes,cr1c_480,2,no
http_minema,cr1ci_480,2,no
http_mmon-mw1,cr2c_480,2,no
http_moloc15,c_480,2,no
http_myprint-list,c_480,2,no
http_myvdi,c_480,2,no
http_namlp4,cr1mi_480,2,no
http_nanolabpc16,cr2c_480,2,no
http_ncemlp1,ci_480,2,no
http_neuronaldynamics,cr2ci_480,2,no
http_phosllp2,cr2c_480,2,no
http_phsblp1,cr1ci_480,2,no
http_prosense,cr1c_480,2,no
http_roclic,cr2c_480,2,no
http_san-inj32,cr1ci_480,2,no
http_sanprod12,cr1mi_480,2,no
http_sat,cr2ci_480,2,no
http_satellite,cr2ci_480,2,no
http_satellite1,cr2ci_480,2,no
http_satwww,cr2ci_480,2,no
http_sbsrv9,ci_480,2,no
http_scitasinfra,cr2c_480,2,no
http_sidppc37,cr2c_480,2,no
http_slpc1,cr1c_480,2,no
http_speedup,cr2c_480,2,no
http_stisrvmdev1,m_480,2,no
http_stoica,cr1c_480,2,no
http_superb,ci_480,2,no
http_sv4-103,mi_480,2,no
http_svitsrv60,cr2c_480,2,no
http_swfab2p,cr1mi_480,2,no
http_swidchi,cr1ci_480,2,no
http_test-speakup,cr2c_480,2,no
http_tresor-srv04,cr2c_480,2,no
http_tresor-srv11,c_480,2,no
http_tresorldap,cr2c_480,2,no
http_tresorvm01,c_480,2,no
http_tresorvm02,m_480,2,no
http_upablasserlp3,ci_480,2,no
http_upblolp2,cr1ci_480,2,no
http_upcdaslip1,ci_480,2,no
http_a10doc,cr1ci_480,1,no
http_aliceblogs,cr1c_480,1,no
http_archivesdelimaginaire,cr1ci_480,1,no
http_armac105,cr1c_480,1,no
http_arpc167,cr1c_480,1,no
http_atlas,cr2c_480,1,no
http_bbcf-serv01,cr2c_480,1,no
http_bmigelp5,ci_480,1,no
http_caact,cr1ci_480,1,no
http_caglp4,cr1ci_480,1,no
http_cedegeswi01,ci_480,1,no
http_cimege-vspc1,ci_480,1,no
http_cimegegrp1,ci_480,1,no
http_cmh,cr1ci_480,1,no
http_cmilp4,cr1mi_480,1,no
http_cmisrvm2,cr1c_480,1,no
http_cortex,mi_480,1,no
http_crppdev4,cr1ci_480,1,no
http_crppdtacq30,cr2ci_480,1,no
http_crpppc286,cr2ci_480,1,no
http_crppplc11,cr1mi_480,1,no
http_cryos-a4-c1,cr1ci_480,1,no
http_cryospc24,mi_480,1,no
http_desigo-stcc,cr2c_480,1,no
http_deslpc2,mi_480,1,no
http_dev-dreamspark,c_480,1,no
http_dev-imagine,c_480,1,no
http_dev-vmware-edu,c_480,1,no
http_diiepc7,cr2ci_480,1,no
http_dllsti235,c_480,1,no
http_dmawww,cr1c_480,1,no
http_dreamsparc,c_480,1,no
http_dreamspark,c_480,1,no
http_ecol-a4-c3,cr1ci_480,1,no
http_enacit2lic3,cr2c_480,1,no
http_enacit3linux17,c_480,1,no
http_enacit3pc100,cr2c_480,1,no
http_enacit3srv5,ci_480,1,no
http_epflecallsrv1,mi_480,1,no
http_esplabsrv1,cr1m_480,1,no
http_exapsrv6-1,cr2c_480,1,no
http_exterpsrv1,cr2c_480,1,no
http_gcmplp2,cr1mi_480,1,no
http_gestepc3,ci_480,1,no
http_gtbsupsws,cr2ci_480,1,no
http_hppoc02,cr2c_480,1,no
http_i-structures,cr1ci_480,1,no
http_ialp10,cr1mi_480,1,no
http_iamac48,cr1ci_480,1,no
http_iclcavsim10,cr2c_480,1,no
http_icmpgesrv2,cr2c_480,1,no
http_imacpc12,ci_480,1,no
http_imagine,c_480,1,no
http_imtsrv1,ci_480,1,no
http_ingenom,cr1c_480,1,no
http_ipelp12,cr1ci_480,1,no
http_iscsrv54,ci_480,1,no
http_isicge-vslp10,ci_480,1,no
http_isicgelp6,cr2c_480,1,no
http_isicgesrv4,cr2c_480,1,no
http_isrecgelp19,cr1mi_480,1,no
http_it,c_480,1,no
http_jdrpoly,ci_480,1,no
http_la3compteur1,cr1c_480,1,no
http_labview,cr1ci_480,1,no
http_lamdsrv3,ci_480,1,no
http_lampsrv02,cr1c_480,1,no
http_lampsrv04,cr1ci_480,1,no
http_lampsrv11,mi_480,1,no
http_lampsrv12,cr1ci_480,1,no
http_lampsrv27,cr1ci_480,1,no
http_lanesnas,cr2c_480,1,no
http_lapisblog,cr1ci_480,1,no
http_larasrv13,ci_480,1,no
http_larasrv2,cr1mi_480,1,no
http_lca1srv1,c_480,1,no
http_lcmwiki,ci_480,1,no
http_lenslip1,ci_480,1,no
http_liapc24,mi_480,1,no
http_libmac7,cr1ci_480,1,no
http_lmchlp3,cr1ci_480,1,no
http_lmer-vslp2,ci_480,1,no
http_lmhinfo,cr1mi_480,1,no
http_lmscpc1,ci_480,1,no
http_lnmclp1,ci_480,1,no
http_lnmclp4,ci_480,1,no
http_locaux-test,m_480,1,no
http_loeqlp2,cr2c_480,1,no
http_lpdisrv1,c_480,1,no
http_lpsw1,ci_480,1,no
http_lpsw6,ci_480,1,no
http_lptplp1,cr1c_480,1,no
http_lsir-cloud,ci_480,1,no
http_lsirpc32,c_480,1,no
http_lsro1lp301,cr1ci_480,1,no
http_lts2pc7,cr1c_480,1,no
http_modemos,c_480,1,no
http_mooc-corr1,c_480,1,no
http_msdn-aa,c_480,1,no
http_msdnaa,c_480,1,no
http_musical,cr1c_480,1,no
http_nanotera-stg2,cr2c_480,1,no
http_ncemlp2,ci_480,1,no
http_osprintlabel1,ci_480,1,no
http_pepper,cr1ci_480,1,no
http_ptcrypslip1,ci_480,1,no
http_ptppc1,cr2c_480,1,no
http_rgllp1,ci_480,1,no
http_rlcfm,cr1ci_480,1,no
http_san-inj31,cr1ci_480,1,no
http_sanas44,cr1ci_480,1,no
http_sanas45,cr1ci_480,1,no
http_sanprod11,cr1ci_480,1,no
http_sbsrv10,ci_480,1,no
http_scalaw3,cr1c_480,1,no
http_scxdiivmap1,ci_480,1,no
http_siemcr-mc-diserv,ci_480,1,no
http_sisbsrv2,ci_480,1,no
http_slickchair,c_480,1,no
http_smartgenepc10,ci_480,1,no
http_spappt02,cr2c_480,1,no
http_spclp1,cr1mi_480,1,no
http_spclp25,cr1ci_480,1,no
http_spcpc474,mi_480,1,no
http_sphgelp6,cr2c_480,1,no
http_stereodynamics18,cr2c_480,1,no
http_stisrv13,cr1ci_480,1,no
http_stisrv27,cr2c_480,1,no
http_studentsdc3,cr2c_480,1,no
http_sunmillp2,ci_480,1,no
http_superspace,c_480,1,no
http_supralp2,cr2ci_480,1,no
http_sv-barcodereader,cr1ci_480,1,no
http_svgelp2,ci_480,1,no
http_svinlp10,ci_480,1,no
http_svinlp11,ci_480,1,no
http_svinslip7,ci_480,1,no
http_swfab1p,cr1mi_480,1,no
http_terra-incognita,ci_480,1,no
http_theospc28,cr1c_480,1,no
http_thl2lp1,ci_480,1,no
http_thl3lp1,ci_480,1,no
http_tmmon-mw1,cr2c_480,1,no
http_upbrislip1,ci_480,1,no
http_updeplaslip1,ci_480,1,no
http_adada,NO_MATCHES,0,no
http_adas,NO_MATCHES,0,no
http_admjs,NO_MATCHES,0,no
http_admmac3,NO_MATCHES,0,no
http_affinitymap,NO_MATCHES,0,no
http_agatst01,NO_MATCHES,0,no
http_agepolysrv2,NO_MATCHES,0,no
http_aging-lisp,NO_MATCHES,0,no
http_alaska,NO_MATCHES,0,no
http_alg-geo,NO_MATCHES,0,no
http_algomail,NO_MATCHES,0,no
http_aphysnas2,NO_MATCHES,0,no
http_aprl-a4-n1,NO_MATCHES,0,no
http_arnimail,NO_MATCHES,0,no
http_artiphys-beta,NO_MATCHES,0,no
http_asgard,NO_MATCHES,0,no
http_aspenlic,NO_MATCHES,0,no
http_astalavista,NO_MATCHES,0,no
http_athanase,NO_MATCHES,0,no
http_atlas2,NO_MATCHES,0,no
http_autorator,NO_MATCHES,0,no
http_bbpfe11,NO_MATCHES,0,no
http_bbpfe18,NO_MATCHES,0,no
http_bbplxlic,NO_MATCHES,0,no
http_bbpnixcache,NO_MATCHES,0,no
http_bbpnixcachepush,NO_MATCHES,0,no
http_bbpobjectstorage,NO_MATCHES,0,no
http_bbpsrv14,NO_MATCHES,0,no
http_bichi,NO_MATCHES,0,no
http_biometrika,NO_MATCHES,0,no
http_biop-redmine,NO_MATCHES,0,no
http_bioroblp2,NO_MATCHES,0,no
http_biscom,NO_MATCHES,0,no
http_bnice,NO_MATCHES,0,no
http_bo,NO_MATCHES,0,no
http_bsf-reservation,NO_MATCHES,0,no
http_bxd-lisp,NO_MATCHES,0,no
http_c2cpc14,NO_MATCHES,0,no
http_c2cpc19,NO_MATCHES,0,no
http_c2cpc21,NO_MATCHES,0,no
http_c2cpc26,NO_MATCHES,0,no
http_c2cpc29,NO_MATCHES,0,no
http_c2cpc37,NO_MATCHES,0,no
http_c2cpc60,NO_MATCHES,0,no
http_c2cpc70,NO_MATCHES,0,no
http_c2cpc78,NO_MATCHES,0,no
http_c2cpc80,NO_MATCHES,0,no
http_cag2,NO_MATCHES,0,no
http_cagsrv1,NO_MATCHES,0,no
http_cat,NO_MATCHES,0,no
http_cdtsopc2,NO_MATCHES,0,no
http_cecam-mail,NO_MATCHES,0,no
http_cecampc1,NO_MATCHES,0,no
http_cedegepc02,NO_MATCHES,0,no
http_certauth,NO_MATCHES,0,no
http_cimege-vspc2,NO_MATCHES,0,no
http_cimegelp1,NO_MATCHES,0,no
http_cimegepc19,NO_MATCHES,0,no
http_cimegepc83,NO_MATCHES,0,no
http_cimegerel5,NO_MATCHES,0,no
http_cimegesrv1,NO_MATCHES,0,no
http_cineclub,NO_MATCHES,0,no
http_cmhsrv1,NO_MATCHES,0,no
http_cmigevm2,NO_MATCHES,0,no
http_cmp2bornes,NO_MATCHES,0,no
http_cmp2mon1,NO_MATCHES,0,no
http_cmsenspc11,NO_MATCHES,0,no
http_cmt,NO_MATCHES,0,no
http_cnbipc87,NO_MATCHES,0,no
http_compass,NO_MATCHES,0,no
http_compnet,NO_MATCHES,0,no
http_confluence,NO_MATCHES,0,no
http_consactiv,NO_MATCHES,0,no
http_cosmonas1,NO_MATCHES,0,no
http_cours-icmb,NO_MATCHES,0,no
http_cours-isic,NO_MATCHES,0,no
http_cridata,NO_MATCHES,0,no
http_criftp,NO_MATCHES,0,no
http_criserveur,NO_MATCHES,0,no
http_crisrv1,NO_MATCHES,0,no
http_crisrv2,NO_MATCHES,0,no
http_cristallo,NO_MATCHES,0,no
http_criwww,NO_MATCHES,0,no
http_crowding2012,NO_MATCHES,0,no
http_crppmac25,NO_MATCHES,0,no
http_crpppc130,NO_MATCHES,0,no
http_crpppc216,NO_MATCHES,0,no
http_crpppc221,NO_MATCHES,0,no
http_crpppc355,NO_MATCHES,0,no
http_crpppc404,NO_MATCHES,0,no
http_crpppc54,NO_MATCHES,0,no
http_crppplc10,NO_MATCHES,0,no
http_crppplc9,NO_MATCHES,0,no
http_crppplm,NO_MATCHES,0,no
http_crpptb7,NO_MATCHES,0,no
http_csealc1,NO_MATCHES,0,no
http_ctsgelp2,NO_MATCHES,0,no
http_d3,NO_MATCHES,0,no
http_dalaran,NO_MATCHES,0,no
http_dancesquare,NO_MATCHES,0,no
http_darsrv1,NO_MATCHES,0,no
http_darsrv3,NO_MATCHES,0,no
http_datalp2,NO_MATCHES,0,no
http_dcwww,NO_MATCHES,0,no
http_demos,NO_MATCHES,0,no
http_desigo-epfl,NO_MATCHES,0,no
http_dhlabpc1,NO_MATCHES,0,no
http_dhlabsrv1,NO_MATCHES,0,no
http_dhlabsrv4,NO_MATCHES,0,no
http_dhlabsrv9,NO_MATCHES,0,no
http_diiadvp2,NO_MATCHES,0,no
http_diiecosandeypc1,NO_MATCHES,0,no
http_diiegap-pc-roulier,NO_MATCHES,0,no
http_diiegap-serv01,NO_MATCHES,0,no
http_diiegap-servstcc01,NO_MATCHES,0,no
http_diiegap-srvmcr,NO_MATCHES,0,no
http_diielp2,NO_MATCHES,0,no
http_diiepc15,NO_MATCHES,0,no
http_diiepc82,NO_MATCHES,0,no
http_diiepc83,NO_MATCHES,0,no
http_diiilp14,NO_MATCHES,0,no
http_diiondz28,NO_MATCHES,0,no
http_diiondz29,NO_MATCHES,0,no
http_diipcc-pccdatisrv01,NO_MATCHES,0,no
http_diipcc-pccdatisrv02,NO_MATCHES,0,no
http_diipccums01,NO_MATCHES,0,no
http_disal2,NO_MATCHES,0,no
http_disalgit,NO_MATCHES,0,no
http_disallp3,NO_MATCHES,0,no
http_ditcourslp2,NO_MATCHES,0,no
http_ditdcspare,NO_MATCHES,0,no
http_ditexsrv51,NO_MATCHES,0,no
http_ditsbsrv18,NO_MATCHES,0,no
http_ditsbsrv21,NO_MATCHES,0,no
http_ditsbsrv23,NO_MATCHES,0,no
http_ditsbsrv27,NO_MATCHES,0,no
http_ditsbsrv48,NO_MATCHES,0,no
http_ditsbsrv67,NO_MATCHES,0,no
http_ditsbsrv68,NO_MATCHES,0,no
http_ditsbsrv9-mgr,NO_MATCHES,0,no
http_ditsbsrv9,NO_MATCHES,0,no
http_ditsup-naszf,NO_MATCHES,0,no
http_ditsup-naszf2,NO_MATCHES,0,no
http_ditsupsrv1,NO_MATCHES,0,no
http_ditsupsrv4,NO_MATCHES,0,no
http_ditsupsrv5,NO_MATCHES,0,no
http_ditsupsrv7,NO_MATCHES,0,no
http_dllsti13,NO_MATCHES,0,no
http_dotty,NO_MATCHES,0,no
http_dslablp1,NO_MATCHES,0,no
http_dsps-secu-labo-demo,NO_MATCHES,0,no
http_e-chemistry,NO_MATCHES,0,no
http_ecallabsrv4,NO_MATCHES,0,no
http_echo-a4-n6,NO_MATCHES,0,no
http_ecolnas1,NO_MATCHES,0,no
http_edarvm1,NO_MATCHES,0,no
http_eesd-a4-c2,NO_MATCHES,0,no
http_eesdlp2,NO_MATCHES,0,no
http_egglp3,NO_MATCHES,0,no
http_eggsrv1,NO_MATCHES,0,no
http_eln,NO_MATCHES,0,no
http_elsa,NO_MATCHES,0,no
http_enac-webanalytics,NO_MATCHES,0,no
http_enac1sens1,NO_MATCHES,0,no
http_enac1sens2,NO_MATCHES,0,no
http_enac2sens1,NO_MATCHES,0,no
http_enac3sens1,NO_MATCHES,0,no
http_enac3web,NO_MATCHES,0,no
http_enacit-webres,NO_MATCHES,0,no
http_enacit1adm1,NO_MATCHES,0,no
http_enacit1logs,NO_MATCHES,0,no
http_enacit1vm1,NO_MATCHES,0,no
http_enacit1vm2,NO_MATCHES,0,no
http_enacit1vm3,NO_MATCHES,0,no
http_enacit1vm5,NO_MATCHES,0,no
http_enacit1web1,NO_MATCHES,0,no
http_enacit2web1,NO_MATCHES,0,no
http_enacit2web4,NO_MATCHES,0,no
http_enacit3linux8,NO_MATCHES,0,no
http_enacit3lp6,NO_MATCHES,0,no
http_enacit3vm2,NO_MATCHES,0,no
http_enacit3vm5,NO_MATCHES,0,no
http_enacitools,NO_MATCHES,0,no
http_enacitpc74,NO_MATCHES,0,no
http_epfhelp,NO_MATCHES,0,no
http_ereswww,NO_MATCHES,0,no
http_escgesrv1,NO_MATCHES,0,no
http_etw2004,NO_MATCHES,0,no
http_ewmovpe,NO_MATCHES,0,no
http_exappsrv6,NO_MATCHES,0,no
http_exdesksrv2,NO_MATCHES,0,no
http_exhebdellmon1,NO_MATCHES,0,no
http_exhebsrv12,NO_MATCHES,0,no
http_express02,NO_MATCHES,0,no
http_exterp-nasjpd,NO_MATCHES,0,no
http_exterpnas1,NO_MATCHES,0,no
http_exterpsrv9,NO_MATCHES,0,no
http_fameux,NO_MATCHES,0,no
http_fbdiff,NO_MATCHES,0,no
http_fbpc4,NO_MATCHES,0,no
http_formal,NO_MATCHES,0,no
http_fugu,NO_MATCHES,0,no
http_gchotline2,NO_MATCHES,0,no
http_gcm,NO_MATCHES,0,no
http_gcmpother2,NO_MATCHES,0,no
http_gcmpsrv7,NO_MATCHES,0,no
http_genchem,NO_MATCHES,0,no
http_genenetwork-lisp,NO_MATCHES,0,no
http_genenetwork,NO_MATCHES,0,no
http_genstorage01,NO_MATCHES,0,no
http_gentoo,NO_MATCHES,0,no
http_geome,NO_MATCHES,0,no
http_gisbox,NO_MATCHES,0,no
http_gnugen,NO_MATCHES,0,no
http_gnugeneration,NO_MATCHES,0,no
http_gnusrv,NO_MATCHES,0,no
http_gnusrv3,NO_MATCHES,0,no
http_gnusrv5,NO_MATCHES,0,no
http_gnusrv6,NO_MATCHES,0,no
http_gnusrv7,NO_MATCHES,0,no
http_gnusrv8,NO_MATCHES,0,no
http_grantsbkp,NO_MATCHES,0,no
http_grantsprod,NO_MATCHES,0,no
http_grebsrv2,NO_MATCHES,0,no
http_grlsmpc10,NO_MATCHES,0,no
http_grlsmpc13,NO_MATCHES,0,no
http_grlsmpc44,NO_MATCHES,0,no
http_grmolp1,NO_MATCHES,0,no
http_grtessrv1,NO_MATCHES,0,no
http_heart,NO_MATCHES,0,no
http_helios,NO_MATCHES,0,no
http_hg,NO_MATCHES,0,no
http_himodlib-git,NO_MATCHES,0,no
http_himodlib,NO_MATCHES,0,no
http_horus,NO_MATCHES,0,no
http_hrm-biopshare,NO_MATCHES,0,no
http_hydrocontest,NO_MATCHES,0,no
http_iacspc55,NO_MATCHES,0,no
http_iacssrv4,NO_MATCHES,0,no
http_ialp5,NO_MATCHES,0,no
http_iamac71-shindig,NO_MATCHES,0,no
http_iamac71,NO_MATCHES,0,no
http_ibaplp2,NO_MATCHES,0,no
http_ibbi12,NO_MATCHES,0,no
http_ibetonsrv1,NO_MATCHES,0,no
http_ic-it-private,NO_MATCHES,0,no
http_icappc106,NO_MATCHES,0,no
http_icchilisrv2,NO_MATCHES,0,no
http_icchilisrv3,NO_MATCHES,0,no
http_icdolp1,NO_MATCHES,0,no
http_icdosrv1,NO_MATCHES,0,no
http_iciigprt01,NO_MATCHES,0,no
http_iclogkioware,NO_MATCHES,0,no
http_icmbmac018,NO_MATCHES,0,no
http_icmbpc212,NO_MATCHES,0,no
http_icmbprt011,NO_MATCHES,0,no
http_icmpgesrv1,NO_MATCHES,0,no
http_icpsg3,NO_MATCHES,0,no
http_icsil1-conode1,NO_MATCHES,0,no
http_icsil1-ds-26,NO_MATCHES,0,no
http_icsil1-lp19,NO_MATCHES,0,no
http_icsil1dhcp,NO_MATCHES,0,no
http_icvmwebsrv4,NO_MATCHES,0,no
http_ideveloprdp,NO_MATCHES,0,no
http_idevingtest1-mgt,NO_MATCHES,0,no
http_idevingtladdc2,NO_MATCHES,0,no
http_iea31,NO_MATCHES,0,no
http_igatlp8,NO_MATCHES,0,no
http_igpd-eps,NO_MATCHES,0,no
http_iicgepc5,NO_MATCHES,0,no
http_imaclp5,NO_MATCHES,0,no
http_imacpc11,NO_MATCHES,0,no
http_imblp2,NO_MATCHES,0,no
http_imbsrv1,NO_MATCHES,0,no
http_imheflp5,NO_MATCHES,0,no
http_imtgelp11,NO_MATCHES,0,no
http_imtnegelp7,NO_MATCHES,0,no
http_imtnelailp1,NO_MATCHES,0,no
http_imtsrv4,NO_MATCHES,0,no
http_imxgelp1,NO_MATCHES,0,no
http_imxltpnas1,NO_MATCHES,0,no
http_intranetcnp,NO_MATCHES,0,no
http_ioalp5,NO_MATCHES,0,no
http_ioamac7,NO_MATCHES,0,no
http_ioasun2,NO_MATCHES,0,no
http_ipco,NO_MATCHES,0,no
http_ipeqlp1,NO_MATCHES,0,no
http_ipeseserv3,NO_MATCHES,0,no
http_ipesevm73,NO_MATCHES,0,no
http_ipgdemos,NO_MATCHES,0,no
http_ipgmail,NO_MATCHES,0,no
http_ipmcsrv2,NO_MATCHES,0,no
http_ipmpc39,NO_MATCHES,0,no
http_irrmalp4,NO_MATCHES,0,no
http_isic-reservationtest,NO_MATCHES,0,no
http_isic3,NO_MATCHES,0,no
http_isicge-vslp6,NO_MATCHES,0,no
http_isicgelp12,NO_MATCHES,0,no
http_isicgelp29,NO_MATCHES,0,no
http_isicgesrv2,NO_MATCHES,0,no
http_isicgesrv5,NO_MATCHES,0,no
http_isicgevsserv2,NO_MATCHES,0,no
http_isrec-video,NO_MATCHES,0,no
http_itpgelp10,NO_MATCHES,0,no
http_itpgelp15,NO_MATCHES,0,no
http_itpgelp9,NO_MATCHES,0,no
http_itw2012,NO_MATCHES,0,no
http_ivrgwww,NO_MATCHES,0,no
http_ivrlwww,NO_MATCHES,0,no
http_iwn2008,NO_MATCHES,0,no
http_je,NO_MATCHES,0,no
http_jesrv3,NO_MATCHES,0,no
http_kisvm6,NO_MATCHES,0,no
http_kiswww1,NO_MATCHES,0,no
http_kubuntu,NO_MATCHES,0,no
http_labossrv37,NO_MATCHES,0,no
http_labossrv38,NO_MATCHES,0,no
http_labossrv39,NO_MATCHES,0,no
http_lacalgit,NO_MATCHES,0,no
http_lacalsrv6,NO_MATCHES,0,no
http_lacomac30,NO_MATCHES,0,no
http_laisrv3,NO_MATCHES,0,no
http_lamdsrv1,NO_MATCHES,0,no
http_lami,NO_MATCHES,0,no
http_lampblogs,NO_MATCHES,0,no
http_lamppc34,NO_MATCHES,0,no
http_lamppc36,NO_MATCHES,0,no
http_lampscalahub,NO_MATCHES,0,no
http_lampsrv01,NO_MATCHES,0,no
http_lampsrv17,NO_MATCHES,0,no
http_lampsrv34,NO_MATCHES,0,no
http_lampsrv43,NO_MATCHES,0,no
http_lampsvn,NO_MATCHES,0,no
http_lanespc6,NO_MATCHES,0,no
http_lanoslp3,NO_MATCHES,0,no
http_lanostmp1,NO_MATCHES,0,no
http_lappc38,NO_MATCHES,0,no
http_larapc04,NO_MATCHES,0,no
http_laraserver3,NO_MATCHES,0,no
http_larasrv07,NO_MATCHES,0,no
http_larasrv14,NO_MATCHES,0,no
http_lasapc42,NO_MATCHES,0,no
http_laseclp1,NO_MATCHES,0,no
http_laseclp7,NO_MATCHES,0,no
http_laseclp8,NO_MATCHES,0,no
http_lasig-inventory,NO_MATCHES,0,no
http_lasiglic2,NO_MATCHES,0,no
http_lasigvm1,NO_MATCHES,0,no
http_lasigvm2,NO_MATCHES,0,no
http_lastrolp1,NO_MATCHES,0,no
http_latelier,NO_MATCHES,0,no
http_latsis2009,NO_MATCHES,0,no
http_lbenas2,NO_MATCHES,0,no
http_lbmbeowulf9,NO_MATCHES,0,no
http_lbni-gfx,NO_MATCHES,0,no
http_lbnipc4,NO_MATCHES,0,no
http_lbosrv1,NO_MATCHES,0,no
http_lca2vrt04,NO_MATCHES,0,no
http_lcavlp1,NO_MATCHES,0,no
http_lcavlp2,NO_MATCHES,0,no
http_lcavsim10,NO_MATCHES,0,no
http_lcbcsrv3,NO_MATCHES,0,no
http_lce-a4-n1,NO_MATCHES,0,no
http_lcibpc11,NO_MATCHES,0,no
http_lcibpc9,NO_MATCHES,0,no
http_lcicpc14,NO_MATCHES,0,no
http_lcmdlc3,NO_MATCHES,0,no
http_lcmmail,NO_MATCHES,0,no
http_lcopc13,NO_MATCHES,0,no
http_lcptlc1,NO_MATCHES,0,no
http_lcptlp1,NO_MATCHES,0,no
http_lcsb1lp5,NO_MATCHES,0,no
http_lcsb1lp6,NO_MATCHES,0,no
http_lcsbmac2,NO_MATCHES,0,no
http_lcsbnas2,NO_MATCHES,0,no
http_lcsbnas3,NO_MATCHES,0,no
http_le1110-n1,NO_MATCHES,0,no
http_learning-from-vernacula2,NO_MATCHES,0,no
http_leb-test,NO_MATCHES,0,no
http_legpc10,NO_MATCHES,0,no
http_lesopbcam4,NO_MATCHES,0,no
http_lgclp1,NO_MATCHES,0,no
http_lgglp2,NO_MATCHES,0,no
http_lgrclp2,NO_MATCHES,0,no
http_lia-jeux,NO_MATCHES,0,no
http_lia,NO_MATCHES,0,no
http_liapc3,NO_MATCHES,0,no
http_liawww,NO_MATCHES,0,no
http_libmac1,NO_MATCHES,0,no
http_libmac3,NO_MATCHES,0,no
http_lifmetlpr1,NO_MATCHES,0,no
http_lifmetlpr6,NO_MATCHES,0,no
http_lifmetlpr8,NO_MATCHES,0,no
http_lifmetpc100,NO_MATCHES,0,no
http_lifmetpc117,NO_MATCHES,0,no
http_lifmetserv3,NO_MATCHES,0,no
http_lifmetserv7,NO_MATCHES,0,no
http_lightbend1,NO_MATCHES,0,no
http_linuxline,NO_MATCHES,0,no
http_lipidmac1,NO_MATCHES,0,no
http_lipidsrv2,NO_MATCHES,0,no
http_listes,NO_MATCHES,0,no
http_litep2,NO_MATCHES,0,no
http_lmafsrv1,NO_MATCHES,0,no
http_lmamsrv2,NO_MATCHES,0,no
http_lmcmac13,NO_MATCHES,0,no
http_lmcmacserver,NO_MATCHES,0,no
http_lmcpc71,NO_MATCHES,0,no
http_lmcpc85,NO_MATCHES,0,no
http_lmgnnas1,NO_MATCHES,0,no
http_lmhibc3,NO_MATCHES,0,no
http_lmhibc4,NO_MATCHES,0,no
http_lmhibc5,NO_MATCHES,0,no
http_lmhibc6,NO_MATCHES,0,no
http_lmhibm10,NO_MATCHES,0,no
http_lmhibm11,NO_MATCHES,0,no
http_lmhibm14,NO_MATCHES,0,no
http_lmhlp7,NO_MATCHES,0,no
http_lmhnas10,NO_MATCHES,0,no
http_lmis1pc33,NO_MATCHES,0,no
http_lmnnlp4,NO_MATCHES,0,no
http_lmrwww,NO_MATCHES,0,no
http_lnbpc1,NO_MATCHES,0,no
http_lndlp1,NO_MATCHES,0,no
http_loeqlp4,NO_MATCHES,0,no
http_lpdclp2,NO_MATCHES,0,no
http_lpdlatex,NO_MATCHES,0,no
http_lpdlp2,NO_MATCHES,0,no
http_lpdserv4,NO_MATCHES,0,no
http_lpdserv8,NO_MATCHES,0,no
http_lpdsrv1,NO_MATCHES,0,no
http_lpdxeon2680mon,NO_MATCHES,0,no
http_lphe1lp1,NO_MATCHES,0,no
http_lphe1lp4,NO_MATCHES,0,no
http_lpmvpc1,NO_MATCHES,0,no
http_lpmvpc18,NO_MATCHES,0,no
http_lpqm1pc66,NO_MATCHES,0,no
http_lpsw3,NO_MATCHES,0,no
http_lpsw4,NO_MATCHES,0,no
http_lpsw5,NO_MATCHES,0,no
http_lptplp3,NO_MATCHES,0,no
http_lqmmaster,NO_MATCHES,0,no
http_lqmpc11,NO_MATCHES,0,no
http_lsi1pc1,NO_MATCHES,0,no
http_lsipc25,NO_MATCHES,0,no
http_lsir-cluster-07,NO_MATCHES,0,no
http_lsir-sciencewise-05,NO_MATCHES,0,no
http_lss09,NO_MATCHES,0,no
http_lsu1,NO_MATCHES,0,no
http_lsucam1,NO_MATCHES,0,no
http_ltclp12,NO_MATCHES,0,no
http_lthmail,NO_MATCHES,0,no
http_lts2lp1,NO_MATCHES,0,no
http_lts2nas1,NO_MATCHES,0,no
http_mad,NO_MATCHES,0,no
http_magasin-bch-test,NO_MATCHES,0,no
http_malp12,NO_MATCHES,0,no
http_manifoldlic,NO_MATCHES,0,no
http_manixa,NO_MATCHES,0,no
http_marvelsrv2,NO_MATCHES,0,no
http_mastodon,NO_MATCHES,0,no
http_matheval,NO_MATCHES,0,no
http_mathgeomsrv1,NO_MATCHES,0,no
http_mathicsepc13,NO_MATCHES,0,no
http_mathicsepc60,NO_MATCHES,0,no
http_mathicsesrv2,NO_MATCHES,0,no
http_medusa,NO_MATCHES,0,no
http_mercurius,NO_MATCHES,0,no
http_microcast,NO_MATCHES,0,no
http_microcircuits,NO_MATCHES,0,no
http_modval7,NO_MATCHES,0,no
http_mot,NO_MATCHES,0,no
http_mrmt,NO_MATCHES,0,no
http_msc-ic-admissions,NO_MATCHES,0,no
http_myjob,NO_MATCHES,0,no
http_mylamp,NO_MATCHES,0,no
http_mylara,NO_MATCHES,0,no
http_mylims,NO_MATCHES,0,no
http_mylpd,NO_MATCHES,0,no
http_mynmrdb,NO_MATCHES,0,no
http_myprint-hppoc02,NO_MATCHES,0,no
http_nanolive1,NO_MATCHES,0,no
http_naslhe,NO_MATCHES,0,no
http_nccrlcsrv1,NO_MATCHES,0,no
http_ncem1srv5,NO_MATCHES,0,no
http_nervi,NO_MATCHES,0,no
http_neubias-sab,NO_MATCHES,0,no
http_neuroprojects,NO_MATCHES,0,no
http_nowire,NO_MATCHES,0,no
http_opti2015,NO_MATCHES,0,no
http_optnas1,NO_MATCHES,0,no
http_palpatine,NO_MATCHES,0,no
http_panorama,NO_MATCHES,0,no
http_parsasrv4,NO_MATCHES,0,no
http_patgevm1,NO_MATCHES,0,no
http_pcfsrvmascot,NO_MATCHES,0,no
http_pdb,NO_MATCHES,0,no
http_pet,NO_MATCHES,0,no
http_phstilp1,NO_MATCHES,0,no
http_plan-osm-tile0,NO_MATCHES,0,no
http_plan-osm-tile1,NO_MATCHES,0,no
http_plan-osm-tile2,NO_MATCHES,0,no
http_plan-osm-tile3,NO_MATCHES,0,no
http_plan-osm-tile4,NO_MATCHES,0,no
http_planv4-preprod,NO_MATCHES,0,no
http_polyprog,NO_MATCHES,0,no
http_prediggo,NO_MATCHES,0,no
http_printepfl,NO_MATCHES,0,no
http_privyseal,NO_MATCHES,0,no
http_prnmarvelsrv1,NO_MATCHES,0,no
http_prnmarvelsrv2,NO_MATCHES,0,no
http_proginsc,NO_MATCHES,0,no
http_progsv,NO_MATCHES,0,no
http_psdndata,NO_MATCHES,0,no
http_psepc2,NO_MATCHES,0,no
http_psepc5,NO_MATCHES,0,no
http_psychopad,NO_MATCHES,0,no
http_ptbbsrv2,NO_MATCHES,0,no
http_ptbioppc3,NO_MATCHES,0,no
http_ptbiopsrv1,NO_MATCHES,0,no
http_ptecgelp1,NO_MATCHES,0,no
http_pvlablp1,NO_MATCHES,0,no
http_rauth,NO_MATCHES,0,no
http_rdp-gw,NO_MATCHES,0,no
http_recuphe-bm,NO_MATCHES,0,no
http_recuphe-bsp,NO_MATCHES,0,no
http_reprosun2,NO_MATCHES,0,no
http_research-helpdesk,NO_MATCHES,0,no
http_resslabtools,NO_MATCHES,0,no
http_rglpc1,NO_MATCHES,0,no
http_sapboexip2,NO_MATCHES,0,no
http_sapts2,NO_MATCHES,0,no
http_satfw1,NO_MATCHES,0,no
http_savestudio2,NO_MATCHES,0,no
http_savestudio3,NO_MATCHES,0,no
http_sb-data,NO_MATCHES,0,no
http_sb-nagios,NO_MATCHES,0,no
http_sb2,NO_MATCHES,0,no
http_sbaudit,NO_MATCHES,0,no
http_sbfs4,NO_MATCHES,0,no
http_sbfs5,NO_MATCHES,0,no
http_sbgelp1,NO_MATCHES,0,no
http_sbitsrv15,NO_MATCHES,0,no
http_sbsrv12,NO_MATCHES,0,no
http_sbsrv13,NO_MATCHES,0,no
http_sbsrv2,NO_MATCHES,0,no
http_sbsrv7,NO_MATCHES,0,no
http_sbsstlp3,NO_MATCHES,0,no
http_sbweb,NO_MATCHES,0,no
http_scala-webapps,NO_MATCHES,0,no
http_scala-ws,NO_MATCHES,0,no
http_scalabaz,NO_MATCHES,0,no
http_scalabts,NO_MATCHES,0,no
http_scalagesrv2,NO_MATCHES,0,no
http_scalasvn,NO_MATCHES,0,no
http_sciicbdsrv2,NO_MATCHES,0,no
http_sciicrblpt01,NO_MATCHES,0,no
http_scistijmvnas1,NO_MATCHES,0,no
http_scistijmvnas2,NO_MATCHES,0,no
http_scns,NO_MATCHES,0,no
http_scs-fallmeeting,NO_MATCHES,0,no
http_scxcripc15,NO_MATCHES,0,no
http_scxrepro,NO_MATCHES,0,no
http_scxsrvmanage,NO_MATCHES,0,no
http_search1,NO_MATCHES,0,no
http_search2,NO_MATCHES,0,no
http_secure-it,NO_MATCHES,0,no
http_security-scan2,NO_MATCHES,0,no
http_seepc33,NO_MATCHES,0,no
http_sepc35,NO_MATCHES,0,no
http_serveur-icmb,NO_MATCHES,0,no
http_sge2014,NO_MATCHES,0,no
http_sgirepropc1,NO_MATCHES,0,no
http_sgp2011-lgg,NO_MATCHES,0,no
http_shindig2,NO_MATCHES,0,no
http_sicdec1,NO_MATCHES,0,no
http_sico-test,NO_MATCHES,0,no
http_sico,NO_MATCHES,0,no
http_sil1-lp04,NO_MATCHES,0,no
http_simulationhumaine,NO_MATCHES,0,no
http_sisblp3,NO_MATCHES,0,no
http_sisblp5,NO_MATCHES,0,no
http_sisblp6,NO_MATCHES,0,no
http_sisbsrv1,NO_MATCHES,0,no
http_site,NO_MATCHES,0,no
http_slideshotdev,NO_MATCHES,0,no
http_slims-bsf,NO_MATCHES,0,no
http_slims-cmso,NO_MATCHES,0,no
http_slims-hcf,NO_MATCHES,0,no
http_slims-lbo,NO_MATCHES,0,no
http_slims-len,NO_MATCHES,0,no
http_slims-lisp,NO_MATCHES,0,no
http_slims-lndc,NO_MATCHES,0,no
http_slims-lnmc-dev,NO_MATCHES,0,no
http_slims-lnmc,NO_MATCHES,0,no
http_slims-lpdi,NO_MATCHES,0,no
http_slims-lqm,NO_MATCHES,0,no
http_slims-lsbg,NO_MATCHES,0,no
http_slims-lsens,NO_MATCHES,0,no
http_slims-lvg,NO_MATCHES,0,no
http_slims-naveiras,NO_MATCHES,0,no
http_slims-pcf,NO_MATCHES,0,no
http_slims-pcrycf,NO_MATCHES,0,no
http_slims-powerlab,NO_MATCHES,0,no
http_slims-ptcf,NO_MATCHES,0,no
http_slims-svin-test,NO_MATCHES,0,no
http_slims-svin,NO_MATCHES,0,no
http_slims-upablasser,NO_MATCHES,0,no
http_slims-upagu,NO_MATCHES,0,no
http_slims-upbri,NO_MATCHES,0,no
http_slims-upcda,NO_MATCHES,0,no
http_slims-upcole,NO_MATCHES,0,no
http_slims-upharris,NO_MATCHES,0,no
http_slims-upkin,NO_MATCHES,0,no
http_slims-upsim,NO_MATCHES,0,no
http_slims-vdg,NO_MATCHES,0,no
http_smana3,NO_MATCHES,0,no
http_smartgenepc7,NO_MATCHES,0,no
http_solardecathlonvm1,NO_MATCHES,0,no
http_sos-maths,NO_MATCHES,0,no
http_sp4comm,NO_MATCHES,0,no
http_space,NO_MATCHES,0,no
http_spappp01,NO_MATCHES,0,no
http_spappp02,NO_MATCHES,0,no
http_spappt01,NO_MATCHES,0,no
http_spcdev1,NO_MATCHES,0,no
http_spcit,NO_MATCHES,0,no
http_spcit29,NO_MATCHES,0,no
http_spclp12,NO_MATCHES,0,no
http_spclp14,NO_MATCHES,0,no
http_spclp29,NO_MATCHES,0,no
http_spclp31,NO_MATCHES,0,no
http_spclp45,NO_MATCHES,0,no
http_spcmac25,NO_MATCHES,0,no
http_spcpc491,NO_MATCHES,0,no
http_spctb2,NO_MATCHES,0,no
http_spfep01,NO_MATCHES,0,no
http_spfep02,NO_MATCHES,0,no
http_sphgepc35,NO_MATCHES,0,no
http_srms,NO_MATCHES,0,no
http_ssg,NO_MATCHES,0,no
http_sst-lhd,NO_MATCHES,0,no
http_stainless,NO_MATCHES,0,no
http_sti2,NO_MATCHES,0,no
http_stiitcgen02,NO_MATCHES,0,no
http_stiitckvm10,NO_MATCHES,0,no
http_stiitlp2,NO_MATCHES,0,no
http_stilic5,NO_MATCHES,0,no
http_stisrv5,NO_MATCHES,0,no
http_stisrvm11,NO_MATCHES,0,no
http_stisrvm13,NO_MATCHES,0,no
http_stock-isic,NO_MATCHES,0,no
http_supralap6,NO_MATCHES,0,no
http_sv-do,NO_MATCHES,0,no
http_sv-fmsrv,NO_MATCHES,0,no
http_sv-pyrat-test,NO_MATCHES,0,no
http_sv-pyrat,NO_MATCHES,0,no
http_svinpc1,NO_MATCHES,0,no
http_svitlimsinter,NO_MATCHES,0,no
http_svitmgr3,NO_MATCHES,0,no
http_svitsrv27,NO_MATCHES,0,no
http_svitsrv52,NO_MATCHES,0,no
http_svitsrv8,NO_MATCHES,0,no
http_sygeco,NO_MATCHES,0,no
http_sysmic,NO_MATCHES,0,no
http_talk,NO_MATCHES,0,no
http_tansrv1,NO_MATCHES,0,no
http_tclgit,NO_MATCHES,0,no
http_tclgit1,NO_MATCHES,0,no
http_tcvlogbook,NO_MATCHES,0,no
http_theospc2,NO_MATCHES,0,no
http_theossrv2,NO_MATCHES,0,no
http_theossrv5,NO_MATCHES,0,no
http_toponas1,NO_MATCHES,0,no
http_toponas2,NO_MATCHES,0,no
http_torp001,NO_MATCHES,0,no
http_tremplin,NO_MATCHES,0,no
http_tresor-srv01,NO_MATCHES,0,no
http_tresor-srv02,NO_MATCHES,0,no
http_tsgateway,NO_MATCHES,0,no
http_ubuntu,NO_MATCHES,0,no
http_uc-test-pres,NO_MATCHES,0,no
http_uc-test-pub,NO_MATCHES,0,no
http_uc-test-unity,NO_MATCHES,0,no
http_unipoly-achat,NO_MATCHES,0,no
http_upblolp1,NO_MATCHES,0,no
http_upcourtinesrv2,NO_MATCHES,0,no
http_upcourtinesrv3,NO_MATCHES,0,no
http_upcourtinesrv4,NO_MATCHES,0,no
http_updeplanas1,NO_MATCHES,0,no
http_updeplasrv1,NO_MATCHES,0,no
http_updeplasrv2,NO_MATCHES,0,no
http_updublp1,NO_MATCHES,0,no
http_updublp3,NO_MATCHES,0,no
http_updublp4,NO_MATCHES,0,no